,Date,Unix,Ticker,DE Ratio,Price,stockPercentChange,S&P500,S&P500PercentChange,Difference,Trailing P/E,Status
0,2004-01-30 19:01:02,1075468562.0,a,0.407,36.65,0.0,1131.130005,0.0,0.0,,underperform
1,2004-04-13 04:07:11,1081808531.0,a,0.375,31.87,-0.42258626142624495,1129.439941,-0.14941377140816745,-0.27317249001807753,,underperform
2,2004-12-13 21:37:34,1102953154.0,a,0.323,23.84,-1.132495817755272,1198.680054,5.971908507545951,-7.104404325301223,,underperform
3,2005-01-22 05:17:19,1106350339.0,a,0.322,21.8,-1.3128464397865565,1184.630005,4.729783469938099,-6.042629909724656,,underperform
4,2006-01-09 02:35:16,1136753416.0,a,0.0,34.65,-0.17681433532478877,1290.150024,14.058509481410145,-14.235323816734933,,underperform
5,2006-06-21 11:01:16,1150866976.0,a,0.368,32.18,-0.3951800394509028,1252.199951,10.703451014899041,-11.098631054349944,,underperform
6,2006-08-19 10:42:01,1155963421.0,a,0.396,31.8,-0.4287747631626126,1295.430054,14.525301978882608,-14.95407674204522,,underperform
7,2007-02-20 17:46:56,1171972916.0,a,0.411,32.48,-0.3686578891521847,1459.680054,29.046179267430887,-29.414837156583072,,underperform
8,2007-04-12 05:07:51,1176333771.0,a,0.411,34.62,-0.17946655035466072,1447.800049,27.995901673565804,-28.175368223920465,,underperform
9,2008-01-23 19:28:50,1201095830.0,a,0.645,32.16,-0.396948182804151,1338.599976,18.3418325111091,-18.738780693913252,,underperform
10,2008-02-14 04:44:34,1202943574.0,a,0.645,32.68,-0.35097645561970564,1348.859985,19.248890846989784,-19.59986730260949,,underperform
11,2008-04-26 04:49:23,1209164663.0,a,0.67,31.53,-0.45264469843145905,1379.930054,21.995707646354933,-22.448352344786393,,underperform
12,2008-12-06 19:21:33,1228570593.0,a,0.83,17.26,-1.7142149809738267,870.73999,-23.020343713718386,21.30612873274456,,outperform
13,2009-08-02 05:46:24,1249171284.0,a,0.83,23.22,-1.1873082617059567,986.75,-12.76422730913234,11.576919047426383,,outperform
14,2011-08-02 06:45:37,1312246837.0,a,54.36,40.79,0.36600567412231283,1254.050049,10.867012938976892,-10.501007264854579,,underperform
15,2011-11-08 05:04:16,1320707956.0,a,51.62,37.74,0.09636381275201018,1275.920044,12.80047725371762,-12.70411344096561,,underperform
16,2004-04-13 04:20:10,1081809310.0,aa,0.595,34.26,0.0,1129.439941,0.0,0.0,,underperform
17,2004-09-09 16:15:45,1094725845.0,aa,0.561,32.89,-0.12129905719351546,1118.380005,-0.9792407368033841,0.8579416796098687,,outperform
18,2004-11-24 10:37:20,1101271940.0,aa,0.53,33.58,-0.060206831307730385,1181.76001,4.6323905416056,-4.692597372913331,,underperform
19,2004-12-05 00:36:42,1102186302.0,aa,0.53,32.86,-0.12395524092768014,1190.329956,5.391168913867899,-5.515124154795579,,underperform
20,2005-01-13 07:18:32,1105580012.0,aa,0.457,29.43,-0.4276455812004968,1177.449951,4.250780254635953,-4.67842583583645,,underperform
21,2005-02-07 03:48:37,1107727417.0,aa,0.457,29.37,-0.4329579486688258,1201.719971,6.399634666364247,-6.832592615033073,,underperform
22,2005-05-22 08:48:23,1116731003.0,aa,0.543,27.45,-0.6029537076553588,1191.079956,5.457573507222014,-6.060527214877372,,underperform
23,2006-06-20 04:32:21,1150757241.0,aa,0.526,29.1,-0.456863602276307,1240.119995,9.799551971041895,-10.256415573318202,,underperform
24,2007-01-25 19:09:37,1169731477.0,aa,0.494,31.46,-0.24791048185536027,1423.900024,26.07133609417837,-26.31924657603373,,underperform
25,2007-02-23 09:03:42,1172200722.0,aa,0.494,34.75,0.043384334324688266,1451.189941,28.48757054891509,-28.444186214590403,,underperform
26,2007-05-16 21:12:47,1179329267.0,aa,0.494,39.04,0.42321860831022273,1514.140015,34.06113596969029,-33.63791736138007,,underperform
27,2007-06-22 06:39:12,1182473652.0,aa,0.503,40.34,0.5383199034573548,1502.560059,33.03585294403891,-32.49753304058155,,underperform
28,2007-10-11 20:57:59,1192115579.0,aa,0.47,38.08,0.3382207288169562,1554.410034,37.626621617766915,-37.28840088894996,,underperform
29,2008-01-23 16:05:53,1201083653.0,aa,0.499,28.04,-0.5507154275501223,1338.599976,18.518916093476445,-19.06963152102657,,underperform
30,2008-10-28 00:52:22,1225134442.0,aa,0.672,9.04,-2.232965125854354,940.51001,-16.727753653967874,14.494788528113519,,outperform
31,2008-12-05 01:03:15,1228418295.0,aa,0.672,8.06,-2.31973379450373,876.070007,-22.433236580571755,20.113502786068025,,outperform
32,2008-12-06 09:33:46,1228535326.0,aa,0.672,8.15,-2.3117652433012372,870.73999,-22.905153395845776,20.593388152544538,,outperform
33,2008-12-18 10:54:07,1229576947.0,aa,0.672,10.35,-2.116978436129168,885.2800289999999,-21.617786226315168,19.500807790186002,,outperform
34,2009-03-09 18:17:50,1236601970.0,aa,0.672,5.49,-2.5472802010638294,676.530029,-40.10039804321035,37.55311784214652,,outperform
35,2011-09-03 09:21:23,1315020983.0,aa,48.26,12.04,-1.9673467524378967,1218.890015,7.919861052620579,-9.887207805058475,,underperform
36,2011-11-02 22:04:47,1320250787.0,aa,50.93,10.7,-2.085989625897248,1237.900024,9.602996942357994,-11.688986568255242,,underperform
37,2011-11-05 21:29:24,1320507864.0,aa,50.93,10.93,-2.065625550601986,1237.900024,9.602996942357994,-11.66862249295998,,underperform
38,2012-01-02 19:42:06,1325512626.0,aa,50.93,8.65,-2.267495514398494,1257.599976,11.347220011232087,-13.614715525630581,,underperform
39,2003-12-07 10:36:10,1070772670.0,aapl,0.072,20.85,0.0,1069.719971,0.0,0.0,,underperform
40,2004-02-03 07:33:34,1075772914.0,aapl,0.07,22.32,0.1374191414437002,1136.030029,6.198823972409507,-6.061404830965807,,underperform
41,2004-06-03 01:20:38,1086204938.0,aapl,0.0,28.92,0.7544030418031712,1116.640015,4.3861987503269635,-3.6317957085237924,,underperform
42,2004-08-10 02:02:44,1092082664.0,aapl,0.0,30.3,0.8834087664237877,1079.040039,0.8712624100387102,0.01214635638507755,,outperform
43,2004-10-12 05:40:57,1097538957.0,aapl,0.0,38.59,1.6583779382389414,1121.839966,4.8723026972448675,-3.213924759005926,,underperform
44,2004-12-04 14:16:51,1102149111.0,aapl,0.0,62.68,3.9103691745510094,1191.369995,11.372137316112614,-7.461768141561604,,underperform
45,2005-01-26 15:16:47,1106731907.0,aapl,0.0,71.94,4.776016283237175,1174.069946,9.754887057259594,-4.978870774022419,,underperform
46,2005-02-04 03:07:08,1107465728.0,aapl,0.0,77.81,5.324758024920524,1203.030029,12.46214538514959,-7.137387360229066,,underperform
47,2005-03-01 10:36:03,1109652663.0,aapl,0.0,44.86,2.2445126435804386,1210.410034,13.152046032054496,-10.907533388474057,,underperform
48,2005-12-17 11:55:53,1134799853.0,aapl,0.0,71.11,4.698425883646515,1272.73999,18.978800480859682,-14.280374597213168,,underperform
49,2006-01-25 09:43:52,1138161532.0,aapl,0.0,76.04,5.159294160733212,1264.680054,18.22533824602214,-13.06604408528893,,underperform
50,2006-02-03 13:49:59,1138953899.0,aapl,0.0,72.1,4.790973468700436,1264.030029,18.164572343017426,-13.37359887431699,,underperform
51,2006-02-07 09:17:30,1139283150.0,aapl,0.0,67.3,4.342257904802639,1254.780029,17.299860058422713,-12.957602153620073,,underperform
52,2006-02-17 15:01:01,1140167761.0,aapl,0.0,70.21,4.614291715415678,1287.23999,20.33429541346761,-15.720003698051933,,underperform
53,2007-02-17 21:52:03,1171728423.0,aapl,0.0,84.83,5.981004537121051,1455.300049,36.04495460990136,-30.063950072780308,,underperform
54,2007-02-19 17:27:55,1171885375.0,aapl,0.0,84.83,5.981004537121051,1455.540039,36.067389453272156,-30.086384916151104,,underperform
55,2008-01-23 06:28:45,1201049025.0,aapl,0.0,155.64,12.600493928705008,1338.599976,25.135550638420302,-12.535056709715294,,underperform
56,2008-10-27 05:55:02,1225066202.0,aapl,0.0,96.38,7.060726362750127,848.919983,-20.64091481750975,27.701641180259877,,outperform
57,2008-10-29 21:14:51,1225294191.0,aapl,0.0,104.55,7.824477645467834,930.090027,-13.052943553953714,20.877421199421548,,outperform
58,2008-10-31 22:34:03,1225471743.0,aapl,0.0,107.59,8.108664169269773,968.75,-9.438916140418584,17.547580309688357,,outperform
59,2008-12-03 23:41:54,1228327014.0,aapl,0.0,95.9,7.015854806360347,870.73999,-18.601127995580814,25.616982801941163,,outperform
60,2008-12-07 14:27:24,1228639344.0,aapl,0.0,94.0,6.838238228984135,845.2199710000001,-20.986800853136533,27.825039082120668,,outperform
61,2008-12-16 01:57:34,1229371954.0,aapl,0.0,94.75,6.908350035843166,913.179993,-14.633734271003904,21.54208430684707,,outperform
62,2008-12-17 02:12:01,1229459221.0,aapl,0.0,95.43,6.971918074062021,904.419983,-15.45264110994147,22.424559184003492,,outperform
63,2009-01-01 01:31:55,1230752815.0,aapl,0.0,85.35,6.029615389876647,869.419983,-18.724525430029573,24.75414081990622,,outperform
64,2009-01-12 07:25:12,1231724412.0,aapl,0.0,90.58,6.518528389706954,870.26001,-18.645997682322417,25.16452607202937,,outperform
65,2009-10-22 17:48:46,1256213026.0,aapl,0.0,204.211,17.14102802330499,1092.910034,2.1678629574730084,14.973165065831981,,outperform
66,2009-11-12 14:53:38,1258016918.0,aapl,0.0,204.096,17.13027754625327,1087.23999,1.637813584392737,15.492463961860535,,outperform
67,2011-05-22 15:41:19,1306058179.0,aapl,0.0,335.22,29.38806496303134,1343.599976,25.602962684147172,3.7851022788841675,,outperform
68,2011-09-02 04:10:00,1314915900.0,aapl,0.0,381.03,33.67049412598093,1173.969971,9.745541153405277,23.924952972575653,,outperform
69,2011-09-24 00:15:37,1316802637.0,aapl,0.0,404.3,35.8458297867938,1166.76001,9.071536629281084,26.774293157512716,,outperform
70,2011-09-24 05:43:35,1316822315.0,aapl,0.0,404.3,35.8458297867938,1166.76001,9.071536629281084,26.774293157512716,,outperform
71,2011-10-08 05:59:01,1318032841.0,aapl,0.0,369.8,32.620686671278385,1144.030029,6.946683245572502,25.674003425705884,,outperform
72,2011-10-14 06:15:31,1318552231.0,aapl,0.0,408.43,36.23191213656419,1224.579956,14.47668447801654,21.75522765854765,,outperform
73,2011-11-03 17:19:46,1320320086.0,aapl,0.0,399.21,35.370004324243844,1261.150024,17.895342537266703,17.47466178697714,,outperform
74,2012-01-08 08:59:52,1325992492.0,aapl,0.0,422.4,37.53786139232507,1281.060059,19.756580575235418,17.78128081708965,,outperform
75,2003-10-26 16:06:32,1067163692.0,abc,0.592,57.01,0.0,1033.77002,0.0,0.0,,underperform
76,2004-01-28 07:37:34,1075254754.0,abc,0.429,56.36,-0.06287665413241512,1128.47998,9.161608304330604,-9.22448495846302,,underperform
77,2004-05-16 19:24:15,1084714755.0,abc,0.412,58.97,0.18959729553774454,1096.439941,6.062269149573535,-5.87267185403579,,underperform
78,2004-10-20 01:31:26,1098215186.0,abc,0.331,52.1,-0.4749605719848595,1103.660034,6.760692673211792,-7.2356532451966515,,underperform
79,2005-01-08 07:45:42,1105149642.0,abc,0.332,57.9,0.08609264950438403,1183.73999,14.507092206059536,-14.420999556555152,,underperform
80,2005-03-30 19:52:42,1112191662.0,abc,0.291,55.44,-0.15187130305829533,1181.410034,14.281707840589156,-14.433579143647451,,underperform
81,2005-05-26 01:50:44,1117051544.0,abc,0.23,65.93,0.8628611613248379,1197.619995,15.849751088738294,-14.986889927413456,,underperform
82,2005-12-04 08:46:13,1133665273.0,abc,0.223,79.46,2.1716629004195727,1264.670044,22.335724535714437,-20.164061635294864,,underperform
83,2007-02-20 06:12:02,1171931222.0,abc,0.308,54.9,-0.20410729264522487,1459.680054,41.19968907591265,-41.40379636855788,,underperform
84,2007-04-05 16:11:07,1175768767.0,abc,0.308,53.94,-0.29697127413309976,1443.76001,39.659690459972914,-39.956661734106014,,underperform
85,2008-01-23 20:34:05,1201099745.0,abc,0.396,45.55,-1.1085637790115062,1338.599976,29.487211865555945,-30.595775644567453,,underperform
86,2009-02-09 08:47:34,1234148554.0,abc,0.396,38.76,-1.7653829814101205,869.8900150000001,-15.852655990159192,14.087273008749072,,outperform
87,2010-08-21 11:26:32,1282369292.0,abc,0.396,28.92,-2.7172387916608374,1094.160034,5.84172618973803,-8.558964981398868,,underperform
88,2011-07-08 00:04:15,1310062755.0,abc,42.86,43.05,-1.35039706413618,1343.800049,29.99023216014719,-31.34062922428337,,underperform
89,2004-09-20 13:31:02,1095666362.0,abt,0.543,42.92,0.0,1122.199951,0.0,0.0,,underperform
90,2004-10-23 22:48:08,1098550988.0,abt,0.543,40.86,-0.18356799946073088,1103.660034,-1.6521045989601955,1.4685365994994646,,outperform
91,2005-01-25 12:44:11,1106636351.0,abt,0.508,45.93,0.2682231448431063,1168.410034,4.117811888943839,-3.849588744100733,,underperform
92,2005-02-28 19:21:54,1109597814.0,abt,0.508,45.61,0.2397077274511481,1203.599976,7.253611526846333,-7.013903799395185,,underperform
93,2006-06-17 18:01:01,1150546561.0,abt,0.436,42.78,-0.012475495108981747,1230.040039,9.609703502829676,-9.622178997938658,,underperform
94,2006-07-18 12:32:14,1153205234.0,abt,0.436,44.48,0.1390126597857956,1236.859985,10.217433524019107,-10.078420864233312,,underperform
95,2007-01-13 21:19:42,1168702482.0,abt,0.604,50.45,0.6710034155045157,1414.849976,26.078242539506213,-25.4072391240017,,underperform
96,2007-03-23 02:47:40,1174597360.0,abt,0.883,54.5,1.0319016668714858,1436.109985,27.972736384480555,-26.940834717609068,,underperform
97,2007-04-10 20:13:09,1176215289.0,abt,0.883,57.11,1.2644805399746446,1448.390015,29.06701820021732,-27.802537660242674,,underperform
98,2007-06-03 02:36:35,1180817495.0,abt,0.871,56.3,1.1923008897012504,1530.619995,36.394587580943494,-35.20228669124224,,underperform
99,2007-07-04 07:59:19,1183515259.0,abt,0.871,54.32,1.0158617445885094,1530.619995,36.394587580943494,-35.37872583635498,,underperform
100,2008-01-23 23:41:45,1201111005.0,abt,0.784,57.97,1.3411157242155323,1338.599976,19.283553239078685,-17.94243751486315,,underperform
101,2008-04-28 03:46:55,1209333715.0,abt,0.687,51.28,0.744965279364907,1396.369995,24.43147887822354,-23.68651359885863,,underperform
102,2008-10-23 21:57:42,1224778362.0,abt,0.732,55.02,1.078239220133418,908.1099849999999,-19.077702312250423,20.155941532383842,,outperform
103,2008-12-25 05:30:56,1230162356.0,abt,0.546,52.65,0.8670469100742275,871.6300050000001,-22.32845811272005,23.195505022794276,,outperform
104,2011-08-05 04:11:33,1312496793.0,abt,76.17,48.77,0.5212974741967352,1199.380005,6.877567044199588,-6.356269570002853,,underperform
105,2011-09-02 09:24:27,1314934767.0,abt,68.83,51.94,0.8037783277358204,1173.969971,4.613261652156313,-3.8094833244204924,,underperform
106,2011-11-02 06:21:21,1320194181.0,abt,68.83,52.76,0.8768490848027132,1237.900024,10.310112105859464,-9.433263021056751,,underperform
107,2012-01-01 23:13:40,1325438920.0,abt,67.73,56.23,1.1860631421467593,1263.02002,12.548572014685453,-11.362508872538694,,underperform
108,2004-08-16 22:53:27,1092676107.0,ace,0.26,39.1,0.0,1079.339966,0.0,0.0,,underperform
109,2004-10-10 11:27:42,1097386962.0,ace,0.26,41.04,0.1797394760790316,1130.650024,4.753836568301412,-4.57409709222238,,underperform
110,2005-01-13 13:27:29,1105602149.0,ace,0.21,42.76,0.33909612497384317,1177.449951,9.089813042279216,-8.750716917305374,,underperform
111,2007-02-20 18:32:05,1171975625.0,ace,0.171,58.6,1.8066596822376906,1459.680054,35.238210386068474,-33.43155070383078,,underperform
112,2007-04-05 15:54:06,1175767746.0,ace,0.171,57.24,1.680656750553421,1443.76001,33.76323081508129,-32.082574064527876,,underperform
113,2008-01-23 21:48:58,1201104238.0,ace,0.154,59.98,1.9345155982114348,1338.599976,24.020236270950793,-22.08572067273936,,underperform
114,2010-07-18 23:43:13,1279475893.0,ace,0.154,53.7,1.3526785313164251,1096.47998,1.588008833168702,-0.23533030185227677,,underperform
115,2010-12-07 07:29:30,1291686270.0,ace,23.09,59.06,1.8492783208956056,1223.75,13.379476212224315,-11.53019789132871,,underperform
116,2011-08-11 20:49:00,1313075040.0,ace,27.7,63.42,2.2532288960010587,1172.640015,8.644176250210302,-6.390947354209244,,underperform
117,2003-12-15 23:12:24,1071509244.0,aci,1.074,30.78,0.0,1068.040039,0.0,0.0,,underperform
118,2005-01-24 04:33:07,1106520487.0,aci,1.18,34.52,0.35017413799409086,1163.75,8.961270879845735,-8.611096741851643,,underperform
119,2005-02-05 03:36:51,1107553911.0,aci,1.18,38.4,0.7134563988007941,1193.189941,11.717716324303467,-11.004259925502673,,underperform
120,2005-03-30 06:50:28,1112144728.0,aci,0.936,41.15,0.9709373826199784,1181.410034,10.614770126609459,-9.643832743989481,,underperform
121,2006-05-24 04:17:01,1148423521.0,aci,0.854,46.39,1.4615556936063516,1258.569946,17.83921014594099,-16.37765445233464,,underperform
122,2007-03-11 21:41:07,1173628567.0,aci,0.86,30.08,-0.06554061406306537,1401.890015,31.258189188542207,-31.32372980260527,,underperform
123,2007-04-07 18:52:27,1175951247.0,aci,0.86,33.93,0.2949327632837928,1439.369995,34.767419051787066,-34.472486288503276,,underperform
124,2008-03-02 17:50:27,1204459527.0,aci,0.851,51.09,1.9016141023155033,1367.680054,28.055129401380054,-26.15351529906455,,underperform
125,2008-06-05 02:23:56,1212611936.0,aci,0.899,67.52,3.4399459438243025,1404.050049,31.460431981052352,-28.02048603722805,,underperform
126,2008-10-08 20:51:28,1223478388.0,aci,0.772,25.11,-0.5308789739108275,984.9400019999999,-7.780610648062048,7.249731674151221,,outperform
127,2008-12-05 05:35:57,1228434657.0,aci,0.767,11.93,-1.7649151072696818,876.070007,-17.97404825569465,16.209133148424968,,outperform
128,2009-08-01 05:52:40,1249085260.0,aci,0.767,17.41,-1.2518257286045436,975.150024,-8.697240890610464,7.44541516200592,,outperform
129,2011-08-18 01:16:41,1313609501.0,aci,118.77,19.7,-1.0374142911696593,1140.650024,6.798432862871357,-7.835847154041016,,underperform
130,2003-11-08 10:24:47,1068266387.0,acn,0.076,25.05,0.0,1051.810059,0.0,0.0,,underperform
131,2004-11-28 23:13:49,1101662929.0,acn,0.023,25.94,0.08461603807498866,1051.810059,0.0,0.08461603807498866,,outperform
132,2004-12-10 06:26:24,1102639284.0,acn,0.023,26.2,0.10933533009689525,1188.0,12.948149700097144,-12.838814370000248,,underperform
133,2005-02-10 03:10:56,1107984356.0,acn,0.023,25.51,0.043734132038758235,1197.01001,13.804769193598295,-13.761035061559538,,underperform
134,2005-04-04 05:07:40,1112570560.0,acn,0.023,24.44,-0.05799526205139663,1176.119995,11.818667727725174,-11.876662989776571,,underperform
135,2005-09-04 02:06:58,1125778918.0,acn,0.04,25.31,0.024719292021906595,1221.589966,16.14168884840453,-16.116969556382625,,underperform
136,2006-06-03 23:44:14,1149357554.0,acn,0.045,27.89,0.27001072823928945,1270.089966,20.752787552490986,-20.482776824251697,,underperform
137,2006-08-22 00:50:41,1156187141.0,acn,0.034,28.57,0.3346611842965841,1298.819946,23.48426741942769,-23.149606235131106,,underperform
138,2006-08-22 06:44:05,1156208345.0,acn,0.034,28.57,0.3346611842965841,1298.819946,23.48426741942769,-23.149606235131106,,underperform
139,2006-08-27 03:22:58,1156628278.0,acn,0.034,28.36,0.3146956022788901,1296.060059,23.221873370579736,-22.907177768300848,,underperform
140,2006-11-02 16:40:55,1162464955.0,acn,0.027,32.96,0.7520369226664717,1367.339966,29.998753510684967,-29.246716588018494,,underperform
141,2006-11-11 01:01:42,1163186202.0,acn,0.027,33.87,0.8385544447431451,1385.719971,31.746217783604607,-30.90766333886146,,underperform
142,2006-12-03 00:17:12,1165084332.0,acn,0.027,33.81,0.8328499927380902,1400.630005,33.16377733938368,-32.33092734664559,,underperform
143,2007-03-14 19:10:39,1173878739.0,acn,0.018,35.39,0.9830672288712159,1387.170044,31.88408231414338,-30.901015085272164,,underperform
144,2007-05-05 07:47:14,1178330534.0,acn,0.015,39.1,1.335792511183809,1495.920044,42.22340157330632,-40.88760906212251,,underperform
145,2007-06-05 04:17:34,1180996354.0,acn,0.015,41.24,1.5392512993641185,1530.949951,45.55384196035723,-44.014590660993115,,underperform
146,2007-07-06 07:06:36,1183684896.0,acn,0.015,42.81,1.688517793496402,1530.439941,45.50535316757227,-43.816835374075865,,underperform
147,2008-04-07 01:42:51,1207511871.0,acn,0.004,36.77,1.1142696249874906,1372.540039,30.49314629153971,-29.37887666655222,,underperform
148,2008-10-18 23:21:07,1224351367.0,acn,0.003,31.4,0.6037211705350308,907.840027,-13.687835628504857,14.291556799039888,,outperform
149,2008-12-02 16:28:13,1228214593.0,acn,0.003,29.98,0.4687158064153863,848.8099980000001,-19.30006841663033,19.768784223045717,,outperform
150,2008-12-21 20:10:46,1229869546.0,acn,0.001,32.21,0.6807312726032791,885.2800289999999,-15.832709392257296,16.513440664860575,,outperform
151,2009-08-10 19:40:05,1249912505.0,acn,0.001,35.85,1.026801360909974,1007.099976,-4.250775376925725,5.277576737835699,,outperform
152,2011-09-01 16:51:37,1314875197.0,acn,0.11,53.62,2.7162698964072183,1204.420044,14.509272248745441,-11.793002352338224,,underperform
153,2011-11-08 00:40:19,1320692119.0,acn,0.1,58.0,3.132694892776264,1275.920044,21.30707755476981,-18.174382661993544,,underperform
154,2004-01-25 05:32:05,1074988025.0,adbe,0.0,38.04,0.0,1143.939941,0.0,0.0,,underperform
155,2004-08-21 23:10:00,1093109100.0,adbe,0.0,46.09,0.7037082727405182,1095.170044,-4.263326705540752,4.96703497828127,,outperform
156,2004-11-12 17:19:37,1100259277.0,adbe,0.0,58.1,1.753588565363328,1184.170044,3.5168020241370233,-1.7632134587736952,,underperform
157,2005-02-07 16:20:07,1107772507.0,adbe,0.0,63.67,2.2405022397937238,1201.719971,5.05096709443419,-2.8104648546404665,,underperform
158,2005-04-05 04:12:22,1112653642.0,adbe,0.0,66.58,2.494886224101165,1181.390015,3.2737797377073887,-0.7788935136062238,,underperform
159,2005-08-31 10:51:30,1125464790.0,adbe,0.0,27.12,-0.9545955699784414,1220.329956,6.6777994422698415,-7.632395012248283,,underperform
160,2006-02-21 13:18:21,1140507201.0,adbe,0.0,37.8,-0.020980122417108782,1283.030029,12.158862805193364,-12.179842927610473,,underperform
161,2006-04-07 10:36:37,1144385497.0,adbe,0.0,36.1,-0.16958932287162773,1295.5,13.248952464017504,-13.418541786889133,,underperform
162,2006-06-23 19:31:40,1151070400.0,adbe,0.0,30.5,-0.6591255126041621,1244.5,8.790676450381927,-9.449801962986088,,underperform
163,2006-11-28 09:44:25,1164686365.0,adbe,0.0,40.22,0.19056944528873648,1386.719971,21.22314479095541,-21.03257534566667,,underperform
164,2007-01-27 16:50:33,1169895933.0,adbe,0.0,39.26,0.106648955620302,1440.130005,25.89209917271346,-25.78545021709316,,underperform
165,2007-03-09 02:36:54,1173387114.0,adbe,0.0,39.08,0.09091386380747056,1402.839966,22.63230924288532,-22.541395379077848,,underperform
166,2007-03-15 06:30:18,1173919518.0,adbe,0.0,39.3,0.11014564268982002,1392.280029,21.70918936381468,-21.59904372112486,,underperform
167,2007-03-28 17:43:54,1175083134.0,adbe,0.0,42.14,0.35841042462560546,1417.22998,23.890243639984938,-23.53183321535933,,underperform
168,2007-04-29 08:01:44,1177813004.0,adbe,0.0,42.89,0.4239733071790699,1494.25,30.62311634068557,-30.199143033506502,,underperform
169,2007-04-30 09:07:29,1177903349.0,adbe,0.0,42.89,0.4239733071790699,1482.369995,29.584599843952812,-29.16062653677374,,underperform
170,2007-05-01 10:38:04,1177995184.0,adbe,0.0,41.56,0.3077084621175932,1486.300049,29.928154069060504,-29.620445606942912,,underperform
171,2007-05-30 21:47:54,1180540974.0,adbe,0.0,43.22,0.4528209755025941,1530.22998,33.76838461137358,-33.31556363587098,,underperform
172,2007-05-31 04:45:00,1180566000.0,adbe,0.0,43.22,0.4528209755025941,1530.619995,33.802478621559025,-33.34965764605643,,underperform
173,2007-06-30 20:56:00,1183216260.0,adbe,0.0,40.15,0.1844502429170798,1506.339966,31.67998703526341,-31.49553679234633,,underperform
174,2007-10-18 06:04:41,1192666781.0,adbe,0.0,45.97,0.6932182115319635,1540.079956,34.62944170423016,-33.9362234926982,,underperform
175,2008-01-23 23:45:57,1201111257.0,adbe,0.0,34.33,-0.324317725697804,1338.599976,17.016630683411016,-17.34094840910882,,underperform
176,2008-12-04 14:30:57,1228380357.0,adbe,0.08,22.54,-1.3549662394382642,845.2199710000001,-26.11325641264588,24.758290173207616,,outperform
177,2008-12-05 00:15:55,1228415455.0,adbe,0.08,20.44,-1.5385423105879643,876.070007,-23.416433363261685,21.87789105267372,,outperform
178,2008-12-17 11:42:55,1229493475.0,adbe,0.08,22.32,-1.3741980183206137,904.419983,-20.938158500752976,19.563960482432364,,outperform
179,2008-12-20 21:49:14,1229789054.0,adbe,0.079,22.13,-1.3908072819008248,904.419983,-20.938158500752976,19.547351218852153,,outperform
180,2011-04-24 04:02:44,1303597064.0,adbe,28.03,33.48,-0.3986223259250637,1337.380005,16.909984262888837,-17.308606588813902,,underperform
181,2011-08-05 04:11:46,1312496806.0,adbe,28.17,26.15,-1.0393902314142556,1199.380005,4.84641387305139,-5.885804104465646,,underperform
182,2011-09-25 13:42:54,1316937474.0,adbe,28.17,24.88,-1.1504100458714555,1129.560059,-1.257048686264918,0.10663864039346249,,outperform
183,2011-10-18 13:47:26,1318924946.0,adbe,27.25,26.24,-1.0315226855078399,1225.380005,7.119260468238156,-8.150783153745996,,underperform
184,2004-01-20 06:29:18,1074559458.0,adi,0.0,50.5,0.0,1138.77002,0.0,0.0,,underperform
185,2004-05-12 18:46:27,1084366887.0,adi,0.0,45.04,-0.4794646771610655,1097.280029,-3.643403871837083,3.1639391946760176,,outperform
186,2004-06-22 09:09:13,1087874653.0,adi,0.0,45.03,-0.48034281759542624,1134.410034,-0.38286799998474985,-0.09747481761067639,,underperform
187,2004-08-10 02:07:28,1092082948.0,adi,0.0,35.92,-1.2803287532982295,1079.040039,-5.24513114597098,3.9648023926727505,,outperform
188,2004-11-11 09:56:15,1100146275.0,adi,0.0,38.5,-1.053768521233111,1173.47998,3.0480219351050475,-4.101790456338159,,underperform
189,2005-01-24 03:34:28,1106516968.0,adi,0.0,34.47,-1.407659116280564,1163.75,2.1935930487527298,-3.601252165033294,,underperform
190,2005-03-17 01:05:45,1111000845.0,adi,0.0,35.92,-1.2803287532982295,1190.209961,4.517149213324047,-5.797477966622276,,underperform
191,2005-04-08 23:33:20,1112982500.0,adi,0.0,35.67,-1.3022822641572527,1181.199951,3.725943803824422,-5.028226067981675,,underperform
192,2005-09-07 23:00:53,1126113353.0,adi,0.0,36.88,-1.1960272715995806,1236.359985,8.569769425436764,-9.765796697036345,,underperform
193,2005-10-31 08:19:48,1130726088.0,adi,0.0,34.61,-1.395365150199511,1207.01001,5.992429445938526,-7.387794596138036,,underperform
194,2006-12-06 22:26:10,1165423270.0,adi,0.0,33.57,-1.4866917553730472,1412.900024,24.07246407839224,-25.55915583376529,,underperform
195,2007-02-20 18:32:29,1171975649.0,adi,0.0,32.97,-1.539380181434703,1459.680054,28.180407664753943,-29.719787846188645,,underperform
196,2007-04-05 11:21:28,1175751388.0,adi,0.0,35.37,-1.328626477188081,1443.76001,26.782404229433443,-28.111030706621523,,underperform
197,2008-01-23 20:59:26,1201101266.0,adi,0.0,27.74,-1.9986476286054669,1338.599976,17.54787643601647,-19.546524064621938,,underperform
198,2008-04-17 12:21:31,1208414191.0,adi,0.0,31.44,-1.6737356678919242,1365.560059,19.915350335619124,-21.58908600351105,,underperform
199,2008-10-14 20:39:34,1223996074.0,adi,0.0,22.77,-2.435083424482847,998.01001,-12.360705632204821,9.925622207721974,,outperform
200,2008-12-12 10:52:17,1229058437.0,adi,0.0,18.46,-2.8135619516924057,879.7299800000001,-22.747353324247143,19.933791372554737,,outperform
201,2008-12-18 00:52:29,1229540849.0,adi,0.0,19.68,-2.706428818700373,885.2800289999999,-22.259981080288718,19.553552261588344,,outperform
202,2009-03-27 16:45:23,1238151623.0,adi,0.0,20.0,-2.678328324800823,815.9400019999999,-28.349009223126547,25.670680898325724,,outperform
203,2011-08-05 04:12:35,1312496855.0,adi,25.32,31.63,-1.6570509996390668,1199.380005,5.3224078554509235,-6.97945885508999,,underperform
204,2003-11-12 17:41:28,1068638188.0,adm,0.733,14.48,0.0,1058.530029,0.0,0.0,,underperform
205,2004-01-31 04:11:22,1075501582.0,adm,0.703,15.66,0.11147534483407646,1128.47998,6.608216024450645,-6.496740679616568,,underperform
206,2004-04-14 16:44:25,1081940365.0,adm,0.789,16.81,0.22011657073169327,1128.170044,6.578936174894283,-6.35881960416259,,underperform
207,2004-06-19 13:33:48,1087631328.0,adm,0.848,16.28,0.1700471361875744,1133.560059,7.088134294204316,-6.918087158016742,,underperform
208,2004-11-30 07:08:52,1101777832.0,adm,0.613,21.23,0.6376767607034037,1173.819946,10.891511231751752,-10.253834471048348,,underperform
209,2005-01-26 00:58:06,1106680386.0,adm,0.613,22.65,0.7718250570291566,1174.069946,10.915128889555579,-10.143303832526422,,underperform
210,2005-02-08 21:21:16,1107876976.0,adm,0.613,23.71,0.871963926117395,1202.300049,13.58204453923904,-12.710080613121645,,underperform
211,2005-02-14 20:39:46,1108392886.0,adm,0.528,24.5,0.946595724777497,1206.140015,13.944808551104405,-12.998212826326908,,underperform
212,2006-04-06 18:53:48,1144328928.0,adm,0.52,37.05,2.1322021465297514,1309.040039,23.66583877045589,-21.533636623926135,,underperform
213,2006-04-07 06:53:49,1144372129.0,adm,0.52,36.92,2.11992096447176,1295.5,22.386702739445855,-20.266781774974095,,underperform
214,2006-04-12 00:58:21,1144782801.0,adm,0.52,36.55,2.0849668309220917,1288.119995,21.689509008723647,-19.604542177801555,,underperform
215,2006-04-22 19:30:52,1145713552.0,adm,0.52,37.86,2.2087233578141596,1309.930054,23.749919049296984,-21.541195691482827,,underperform
216,2006-04-23 14:17:44,1145781164.0,adm,0.52,37.86,2.2087233578141596,1311.459961,23.894450329287732,-21.68572697147357,,underperform
217,2006-04-24 19:49:42,1145887482.0,adm,0.52,38.45,2.2644610302311983,1308.109985,23.577975982011562,-21.313514951780363,,underperform
218,2006-04-28 06:30:41,1146185141.0,adm,0.52,36.19,2.050957403684577,1310.609985,23.814152560049862,-21.763195156365285,,underperform
219,2006-05-16 14:27:00,1147768920.0,adm,0.514,43.1,2.703749465382432,1292.079956,22.06360902398169,-19.359859558599258,,underperform
220,2007-02-20 08:05:08,1171938008.0,adm,0.541,35.88,2.0216715080078282,1459.680054,37.89689607379101,-35.875224565783185,,underperform
221,2007-03-07 08:11:55,1173234415.0,adm,0.541,32.96,1.7458172648590964,1391.969971,31.50028179313938,-29.754464528280284,,underperform
222,2007-04-09 12:40:37,1176101737.0,adm,0.541,37.02,2.129368027593292,1444.609985,36.47321714290261,-34.34384911530932,,underperform
223,2007-06-18 03:24:32,1182116372.0,adm,0.597,34.57,1.89791498111576,1531.050049,44.63926455127518,-42.74134957015942,,underperform
224,2007-06-19 05:10:54,1182209154.0,adm,0.597,34.75,1.9149196947345175,1533.699951,44.88960246587393,-42.97468277113941,,underperform
225,2007-10-12 05:57:34,1192147954.0,adm,0.47,34.9,1.9290902894168152,1561.800049,47.54423646114624,-45.61514617172943,,underperform
226,2008-01-23 23:14:44,1201109384.0,adm,0.62,40.85,2.491190545147964,1338.599976,26.458384677530955,-23.96719413238299,,underperform
227,2009-01-09 16:47:55,1231498975.0,adm,0.628,27.94,1.2715746961581949,890.349976,-15.88807576473582,17.159650460894014,,outperform
228,2011-07-29 19:09:22,1311945862.0,adm,85.48,30.64,1.526645400439556,1292.280029,22.082510046580833,-20.555864646141277,,underperform
229,2011-08-05 04:13:27,1312496907.0,adm,85.48,28.05,1.2819664655918799,1199.380005,13.30618613938254,-12.02421967379066,,underperform
230,2011-09-28 04:29:00,1317163440.0,adm,54.78,25.77,1.066573426420952,1151.060059,8.7413703404724,-7.6747969140514485,,underperform
231,2011-12-31 04:39:51,1325285691.0,adm,51.59,28.6,1.3339253127603055,1249.640015,18.054281008970786,-16.720355696210483,,underperform
232,2004-05-12 18:03:39,1084364319.0,adp,0.015,45.7,0.0,1097.280029,0.0,0.0,,underperform
233,2006-05-29 06:22:46,1148863066.0,adp,0.012,45.98,0.025517642953473828,1280.160034,16.666666681855737,-16.641149038902263,,underperform
234,2006-06-27 09:26:37,1151379697.0,adp,0.012,44.48,-0.11118401572585315,1239.199951,12.933792491360474,-13.044976507086327,,underperform
235,2007-02-20 18:32:39,1171975659.0,adp,0.012,50.7,0.45567219559775657,1459.680054,33.027123015286364,-32.57145081968861,,underperform
236,2007-04-28 09:46:50,1177732910.0,adp,0.012,45.17,-0.0483012527333623,1495.420044,36.28426695807474,-36.3325682108081,,underperform
237,2007-05-28 15:46:58,1180346518.0,adp,0.007,49.23,0.3217045700920156,1515.72998,38.13520158398874,-37.81349701389672,,underperform
238,2007-06-30 05:05:33,1183159233.0,adp,0.007,48.47,0.2524423963611568,1506.339966,37.279447924774,-37.02700552841284,,underperform
239,2007-10-22 09:12:40,1193023660.0,adp,0.008,47.52,0.16586467919758344,1506.329956,37.27853566903841,-37.11267098984083,,underperform
240,2008-01-23 19:35:35,1201096235.0,adp,0.078,38.56,-0.6506998953135964,1338.599976,21.992558018204843,-22.64325791351844,,underperform
241,2008-12-07 07:53:01,1228615681.0,adp,0.288,37.59,-0.7391003012595612,845.2199710000001,-22.971352010271566,22.232251709012004,,outperform
242,2009-03-27 23:09:31,1238174671.0,adp,0.288,35.5,-0.9295712790194236,815.9400019999999,-25.63976556252443,24.710194283505007,,outperform
243,2009-06-22 11:11:50,1245648410.0,adp,0.288,35.68,-0.9131670799779045,893.0399779999999,-18.613302493633565,17.700135413655662,,outperform
244,2011-08-05 04:11:51,1312496811.0,adp,0.57,47.88,0.19867307728062183,1199.380005,9.304824046879649,-9.106150969599026,,underperform
245,2011-09-30 03:20:09,1317332109.0,adp,0.62,48.12,0.2205453426693137,1131.420044,3.1113311185580637,-2.89078577588875,,underperform
246,2012-01-04 00:07:51,1325614971.0,adp,0.61,54.46,0.7983376866872693,1277.300049,16.406023552990405,-15.607685866303136,,underperform
247,2003-10-03 16:48:40,1065179020.0,adsk,0.0,18.44,0.0,1029.849976,0.0,0.0,,underperform
248,2004-06-20 07:36:21,1087696281.0,adsk,0.0,39.4,2.035247899059037,1132.050049,9.923782626761938,-7.8885347277029005,,underperform
249,2004-08-03 23:39:21,1091555661.0,adsk,0.0,39.96,2.0896247513239734,1099.689941,6.781566891059492,-4.691942139735518,,underperform
250,2005-02-25 15:10:44,1109323544.0,adsk,0.0,29.83,1.1059863344600396,1211.369995,17.625870100520356,-16.519883766060317,,underperform
251,2005-04-19 09:08:08,1113880988.0,adsk,0.0,31.69,1.286595165197149,1152.780029,11.93669523375316,-10.65010006855601,,underperform
252,2007-03-09 02:37:05,1173387125.0,adsk,0.0,38.53,1.950769575004583,1402.839966,36.21789568308928,-34.267126108084696,,underperform
253,2007-03-11 12:08:50,1173594230.0,adsk,0.0,38.54,1.9517405902235996,1401.890015,36.12565399525727,-34.173913405033666,,underperform
254,2007-04-07 14:32:35,1175935655.0,adsk,0.0,39.55,2.049813127344288,1439.369995,39.76501709410149,-37.7152039667572,,underperform
255,2007-05-29 18:50:01,1180443901.0,adsk,0.0,44.53,2.533378706414613,1518.109985,47.4107899576239,-44.87741125120928,,underperform
256,2007-12-24 21:50:49,1198512349.0,adsk,0.0,51.02,3.1635675835564614,1496.449951,45.30756769178194,-42.14400010822548,,underperform
257,2008-01-23 23:44:14,1201111154.0,adsk,0.0,40.75,2.166334953626294,1338.599976,29.980094887141117,-27.813759933514824,,underperform
258,2008-03-02 21:47:36,1204473756.0,adsk,0.0,31.09,1.228334252056146,1367.680054,32.803814717960435,-31.57548046590429,,underperform
259,2009-06-18 19:51:54,1245334014.0,adsk,0.0,20.69,0.21847842427876116,918.3699949999999,-10.824875816669444,11.043354240948204,,outperform
260,2003-12-28 17:36:03,1072612263.0,aee,1.0,45.44,0.0,1626.670044,0.0,0.0,,underperform
261,2004-09-24 17:33:50,1096026530.0,aee,0.804,46.07,0.038729427785540664,1110.109985,-31.755675399896887,31.794404827682428,,outperform
262,2004-11-02 15:30:15,1099388715.0,aee,0.804,48.01,0.1579914752521256,1130.560059,-30.498501329750933,30.656492805003058,,outperform
263,2005-03-05 21:55:16,1110039016.0,aee,0.974,51.83,0.3928270532533395,1210.079956,-25.60999322121899,26.002820274472327,,outperform
264,2005-12-16 06:43:01,1134694681.0,aee,0.863,52.32,0.42294994153098225,1267.319946,-22.091148682885557,22.51409862441654,,outperform
265,2006-01-10 11:29:29,1136871869.0,aee,0.863,51.66,0.38237625527946334,1289.689941,-20.715946927464284,21.098323182743748,,outperform
266,2007-02-20 06:12:12,1171931232.0,aee,0.965,53.51,0.49610552734811414,1459.680054,-10.265756759703386,10.7618622870515,,outperform
267,2007-12-15 01:09:10,1197660250.0,aee,1.02,53.77,0.5120891007199248,1486.589966,-8.611462325545842,9.123551426265767,,outperform
268,2008-01-23 19:17:07,1201095127.0,aee,1.02,46.34,0.05532775397934393,1338.599976,-17.709188723463086,17.76451647744243,,outperform
269,2009-02-21 00:56:51,1235157111.0,aee,1.02,25.73,-1.2116778121476244,788.419983,-51.53165905353083,50.3199812413832,,outperform
270,2010-02-18 18:51:00,1266498360.0,aee,1.02,25.625,-1.2181327167785476,1106.75,-31.96223142595721,30.74409870917866,,outperform
271,2010-03-23 07:53:00,1269310080.0,aee,1.02,25.82,-1.20614503674969,1174.170044,-27.81756519516997,26.61142015842028,,outperform
272,2007-03-17 16:26:12,1174128072.0,aeo,94.51,29.89,0.0,1387.170044,0.0,0.0,,underperform
273,2007-09-20 19:04:16,1190294356.0,aeo,94.51,25.61,-0.30854184160856934,1518.75,9.485495781078159,-9.794037622686728,,underperform
274,2007-10-13 18:24:50,1192279190.0,aeo,94.51,24.43,-0.39360711569691315,1562.469971,12.637234184679382,-13.030841300376295,,underperform
275,2008-01-24 01:42:43,1201118263.0,aeo,94.51,22.64,-0.522646811136011,1352.069946,-2.530338522794678,2.0076917116586674,,outperform
276,2008-12-08 10:59:42,1228713282.0,aeo,0.054,9.73,-1.453318581034756,909.7000119999999,-34.42043995004264,32.967121369007884,,outperform
277,2009-01-12 14:36:10,1231750270.0,aeo,0.054,10.13,-1.4244828949031139,870.26001,-37.263638746800964,35.83915585189785,,outperform
278,2009-03-07 19:29:00,1236433440.0,aeo,0.054,8.91,-1.5124317376046221,712.869995,-48.609761428787024,47.0973296911824,,outperform
279,2011-11-17 07:59:18,1321496058.0,aeo,0.054,13.97,-1.147660308039351,1216.130005,-12.33014220136951,11.18248189333016,,outperform
280,2012-01-01 20:57:00,1325430720.0,aeo,0.054,15.29,-1.0525025438049325,1263.02002,-8.949877813249552,7.89737526944462,,outperform
281,2004-08-03 23:58:46,1091556826.0,aep,1.754,31.64,0.0,1099.689941,0.0,0.0,,underperform
282,2004-10-10 13:54:05,1097395745.0,aep,1.739,32.38,0.0672916949051189,1130.650024,2.815346566855606,-2.748054871950487,,underperform
283,2005-04-04 22:37:45,1112633565.0,aep,1.435,33.96,0.21096855699983164,1176.119995,6.950145777499653,-6.739177220499822,,underperform
284,2007-03-07 02:53:36,1173215316.0,aep,1.342,45.33,1.244896355744696,1391.969971,26.57840352110667,-25.333507165361972,,underperform
285,2007-04-10 20:12:53,1176215273.0,aep,1.457,49.34,1.609544594352164,1448.390015,31.70894458513555,-30.099399990783386,,underperform
286,2008-01-23 20:30:47,1201099547.0,aep,1.55,43.82,1.107584924249116,1338.599976,21.72521781755571,-20.61763289330659,,underperform
287,2011-04-08 04:53:43,1302217723.0,aep,136.63,35.47,0.3482799884954116,1328.170044,20.776774841846066,-20.428494853350653,,underperform
288,2011-11-13 10:16:12,1321158672.0,aep,120.73,39.52,0.7165656160166697,1239.699951,12.731771454841375,-12.015205838824706,,underperform
289,2003-10-03 17:23:47,1065181127.0,aes,101.18,7.96,0.0,1029.849976,0.0,0.0,,underperform
290,2003-12-15 21:31:38,1071503198.0,aes,29.748,8.39,0.04175365441771886,1068.040039,3.70831323882072,-3.666559584403001,,underperform
291,2004-08-04 00:04:30,1091557170.0,aes,15.619,9.66,0.1650725872328418,1098.630005,6.6786454923411105,-6.513572905108269,,underperform
292,2004-10-26 04:29:14,1098744254.0,aes,15.619,11.05,0.3000437026761654,1111.089966,7.888526668276588,-7.588482965600423,,underperform
293,2004-12-05 09:19:07,1102217647.0,aes,12.944,12.42,0.43307278768145546,1190.329956,15.58285029274983,-15.149777505068375,,underperform
294,2005-02-18 08:12:43,1108693663.0,aes,10.698,16.48,0.8273049666022423,1201.589966,16.67621440037787,-15.848909433775628,,underperform
295,2007-02-19 02:26:15,1171831275.0,aes,6.513,22.3,1.3924358240699712,1455.540039,41.33515297571847,-39.9427171516485,,underperform
296,2007-04-11 05:09:29,1176247469.0,aes,6.513,22.42,1.404088006698172,1438.869995,39.71646633315065,-38.312378326452475,,underperform
297,2008-01-23 21:05:49,1201101649.0,aes,5.378,17.9,0.9651891277026158,1338.599976,29.980094887141117,-29.014905759438502,,underperform
298,2008-04-23 21:50:03,1208966703.0,aes,5.687,17.63,0.9389717167891646,1379.930054,33.993308361255906,-33.054336644466744,,underperform
299,2011-05-23 09:17:49,1306121569.0,aes,178.11,13.02,0.4913337008224584,1317.369995,27.91863142209755,-27.427297721275092,,underperform
300,2011-07-24 02:55:42,1311455442.0,aes,178.11,12.68,0.45831918337589006,1343.800049,30.485029889440906,-30.026710706065014,,underperform
301,2004-02-15 08:22:54,1076812674.0,aet,0.211,77.5,0.0,1152.109985,0.0,0.0,,underperform
302,2004-08-03 20:44:23,1091545163.0,aet,0.193,86.6,0.7898551456439286,1099.689941,-4.549916647063862,5.33977179270779,,outperform
303,2004-11-30 04:45:36,1101769236.0,aet,0.178,118.21,3.533516810897181,1173.819946,1.88436531951418,1.649151491383001,,outperform
304,2005-02-04 06:20:07,1107477307.0,aet,0.178,130.85,4.630634287923474,1203.030029,4.419720743935741,0.21091354398773277,,outperform
305,2005-04-08 02:12:37,1112905657.0,aet,0.177,76.32,-0.10242077712745512,1181.199951,2.524929596890874,-2.627350374018329,,underperform
306,2005-09-23 17:26:49,1127475709.0,aet,0.17,82.71,0.45221377019833686,1215.290039,5.483856126808928,-5.0316423566105914,,underperform
307,2006-01-11 03:31:09,1136929569.0,aet,0.172,92.65,1.3149786215940142,1294.180054,12.331293960619556,-11.016315339025542,,underperform
308,2006-05-07 11:34:24,1146980964.0,aet,0.155,37.99,-3.4293600883946853,1312.25,13.899715919917139,-17.329076008311823,,underperform
309,2007-01-25 23:46:33,1169748093.0,aet,0.253,41.1,-3.1594205825757165,1423.900024,23.590633059221336,-26.750053641797052,,underperform
310,2007-02-20 08:05:18,1171938018.0,aet,0.253,45.61,-2.767964900503835,1459.680054,26.696241939088814,-29.46420683959265,,underperform
311,2007-04-06 18:34:03,1175863743.0,aet,0.272,45.0,-2.8209112344426037,1437.77002,24.794510829623604,-27.61542206406621,,underperform
312,2008-01-23 22:12:23,1201105643.0,aet,0.31,54.11,-2.0301881161111544,1338.599976,16.186821868399996,-18.21700998451115,,underperform
313,2008-02-22 22:13:00,1203697680.0,aet,0.31,50.13,-2.3756412457444327,1353.109985,17.446251019168106,-19.821892264912538,,underperform
314,2008-11-01 10:58:06,1225516386.0,aet,0.389,24.87,-4.5681402544219765,930.090027,-19.270725962851547,14.70258570842957,,outperform
315,2009-10-02 08:48:44,1254452624.0,aet,0.389,27.58,-4.33291965610384,1025.209961,-11.01457548777342,6.68165583166958,,outperform
316,2009-10-15 09:39:45,1255578885.0,aet,0.389,26.03,-4.467455422669564,1096.560059,-4.821581856180175,0.35412643351061046,,outperform
317,2003-10-03 17:29:50,1065181490.0,afl,0.173,33.43,0.0,1029.849976,0.0,0.0,,underperform
318,2003-12-07 12:26:30,1070779290.0,afl,0.206,35.47,0.19808710467941007,1069.719971,3.87143719271204,-3.6733500880326297,,underperform
319,2004-06-27 21:50:24,1088352324.0,afl,0.203,40.4,0.6767976076546511,1140.650024,10.758853287578274,-10.082055679923624,,underperform
320,2004-08-29 05:10:22,1093735522.0,afl,0.226,39.99,0.6369859836749661,1105.089966,7.305917536866557,-6.668931553191591,,underperform
321,2005-01-25 00:35:34,1106592634.0,afl,0.189,39.58,0.5971743596952804,1168.410034,13.454392506583893,-12.857218146888613,,underperform
322,2005-03-17 18:20:48,1111062948.0,afl,0.189,38.22,0.465116289909007,1190.209961,15.571198595629241,-15.106082305720234,,underperform
323,2005-04-06 19:09:19,1112793859.0,afl,0.189,37.0,0.34665243318896777,1184.069946,14.974993794630151,-14.628341361441183,,underperform
324,2005-08-28 22:41:53,1125248213.0,afl,0.162,43.93,1.019565979967552,1212.369995,17.722971622422026,-16.703405642454474,,underperform
325,2006-02-02 01:16:50,1138822310.0,afl,0.212,47.17,1.3341749109289682,1270.839966,23.40049479206863,-22.066319881139663,,underperform
326,2006-05-28 02:32:55,1148762875.0,afl,0.185,46.78,1.2963053173873165,1272.880005,23.598585683707395,-22.30228036632008,,underperform
327,2007-02-20 18:32:53,1171975673.0,afl,0.171,48.45,1.4584648589631082,1459.680054,41.73715473291422,-40.27868987395111,,underperform
328,2007-04-08 10:16:28,1176006688.0,afl,0.171,47.92,1.407001052355222,1443.76001,40.19129423177265,-38.78429317941743,,underperform
329,2008-01-01 12:20:40,1199169340.0,afl,0.172,62.63,2.835364439528812,1443.76001,40.19129423177265,-37.35592979224384,,underperform
330,2008-01-23 12:52:38,1201072058.0,afl,0.172,61.31,2.7071904306186054,1338.599976,29.980094887141117,-27.27290445652251,,underperform
331,2009-01-29 12:02:15,1233209835.0,afl,0.241,25.06,-0.8127397383169915,845.1400150000001,-17.935618323498403,17.12287858518141,,outperform
332,2011-12-30 09:10:57,1325215557.0,afl,33.03,43.27,0.9554789755124492,1257.599976,22.114871613105713,-21.159392637593264,,underperform
333,2003-11-17 22:46:03,1069088463.0,agn,0.739,76.65,0.0,1043.630005,0.0,0.0,,underperform
334,2004-06-19 14:49:29,1087635869.0,agn,0.695,91.42,1.4152525252472017,1133.560059,8.617043738599671,-7.201791213352469,,underperform
335,2004-08-10 02:33:38,1092084518.0,agn,0.637,69.32,-0.7023561956710906,1079.040039,3.3929681812856654,-4.095324376956756,,underperform
336,2004-11-02 14:09:49,1099383889.0,agn,0.637,72.5,-0.3976505064167838,1130.560059,8.329585541189948,-8.727236047606732,,underperform
337,2005-03-10 01:40:57,1110398157.0,agn,0.522,75.47,-0.11306689098115828,1209.25,15.869608405902436,-15.982675296883595,,underperform
338,2005-04-04 23:20:33,1112636133.0,agn,0.522,69.07,-0.7263110454552342,1176.119995,12.695111233410735,-13.421422278865968,,underperform
339,2005-08-29 12:42:47,1125298667.0,agn,0.51,92.83,1.550357878029771,1212.280029,16.159943964048836,-14.609586086019064,,underperform
340,2006-06-21 09:29:01,1150861441.0,agn,0.47,104.14,2.634075282264426,1252.199951,19.98504690366775,-17.350971621403325,,underperform
341,2007-02-20 16:30:00,1171968300.0,agn,0.544,113.32,3.5136973663381776,1459.680054,39.865665705922275,-36.3519683395841,,underperform
342,2007-04-06 22:28:10,1175877790.0,agn,0.544,113.52,3.5328612461654925,1437.77002,37.76625941298036,-34.233398166814865,,underperform
343,2008-01-23 23:06:53,1201108913.0,agn,0.449,65.01,-1.1153378059497245,1338.599976,28.263845384552738,-29.379183190502463,,underperform
344,2008-02-16 18:44:49,1203166789.0,agn,0.436,63.89,-1.222655532982688,1367.209961,31.005236956559145,-32.22789248954183,,underperform
345,2008-05-17 08:24:31,1210991971.0,agn,0.429,54.11,-2.1597692565383846,1408.660034,34.97695804558628,-37.13672730212466,,underperform
346,2004-02-15 09:40:39,1076817339.0,aig,1.15,74.72,0.0,1152.109985,0.0,0.0,,underperform
347,2004-08-18 11:50:54,1092809154.0,aig,1.173,68.32,-0.5555025200133132,1095.170044,-4.942231361704594,4.386728841691281,,outperform
348,2005-01-18 04:07:03,1106000523.0,aig,1.162,66.14,-0.7447205658928473,1195.97998,3.8077957461674123,-4.552516312060259,,underperform
349,2005-04-28 12:07:20,1114669340.0,aig,1.162,51.85,-1.985053536360072,1143.219971,-0.7716289343677604,-1.2134246019923118,,underperform
350,2006-01-07 18:38:22,1136638402.0,aig,1.294,70.11,-0.40013540894708927,1273.459961,10.53284647993047,-10.93298188887756,,underperform
351,2006-06-17 17:06:59,1150543319.0,aig,1.384,59.87,-1.28893944096839,1230.040039,6.76411584090211,-8.0530552818705,,underperform
352,2007-01-23 22:00:19,1169568919.0,aig,1.384,69.8,-0.42704256226023435,1427.98999,23.945630937310206,-24.37267349957044,,underperform
353,2007-03-15 06:01:57,1173917817.0,aig,1.687,67.0,-0.6700749147660584,1392.280029,20.846103855266904,-21.516178770032962,,underperform
354,2007-05-04 05:36:10,1178236270.0,aig,1.687,70.65,-0.3532648838209655,1505.619995,30.68370334452053,-31.036968228341497,,underperform
355,2007-06-05 04:27:22,1180996942.0,aig,1.614,72.55,-0.18835007319201402,1530.949951,32.8822743429309,-33.07062441612291,,underperform
356,2007-07-06 07:35:21,1183686621.0,aig,1.614,70.27,-0.38624784594675676,1530.439941,32.83800686789465,-33.224254713841404,,underperform
357,2008-01-23 16:02:26,1201083446.0,aig,1.918,52.07,-1.9659581372346147,1338.599976,16.186821868399996,-18.15278000563461,,underperform
358,2008-05-23 12:57:40,1211526760.0,aig,2.282,37.81,-3.2036871896392767,1375.930054,19.426970681102105,-22.63065787074138,,underperform
359,2008-09-21 02:42:52,1221944272.0,aig,2.411,3.85,-6.151322436459918,1206.51001,4.72177359004487,-10.873096026504788,,underperform
360,2008-10-27 11:48:40,1225087420.0,aig,2.411,1.7,-6.33793656427689,848.919983,-26.316064086537715,19.978127522260824,,outperform
361,2008-12-17 11:42:57,1229493477.0,aig,3.273,1.8,-6.329256837401682,904.419983,-21.498815670797267,15.169558833395584,,outperform
362,2008-12-19 05:47:27,1229644947.0,aig,3.273,1.67,-6.3405404823394536,887.8800050000001,-22.934440586416752,16.5939001040773,,outperform
363,2009-01-06 14:34:51,1231231791.0,aig,3.273,1.66,-6.341408455026974,934.7000119999999,-18.870591855863495,12.529183400836521,,outperform
364,2010-01-05 22:17:53,1262709173.0,aig,3.273,29.33,-3.9397280286569165,1136.52002,-1.353166381940533,-2.5865616467163832,,underperform
365,2011-04-29 00:43:45,1304017125.0,aig,95.52,31.8,-3.725338774839279,1363.609985,18.357622341064943,-22.082961115904222,,underperform
366,2011-09-02 15:22:28,1314956248.0,aig,85.55,24.08,-4.395413689605338,1173.969971,1.8973870797587031,-6.292800769364041,,underperform
367,2011-11-03 02:27:12,1320266532.0,aig,76.86,24.19,-4.385865990042608,1261.150024,9.464377569820295,-13.850243559862903,,underperform
368,2011-11-04 17:31:20,1320407180.0,aig,76.86,23.75,-4.424056788293523,1253.22998,8.776939382224,-13.200996170517524,,underperform
369,2012-01-02 19:39:36,1325512476.0,aig,81.27,23.2,-4.4717952861071675,1257.599976,9.156243099481506,-13.628038385588674,,underperform
